id,password,created_at,updated_at,email,phone
1,$2b$10$PDE6Ho4/aDGqg1PeTandI.NBCr47qgiUb7qI8HPsyn26tt8m1REfa,2025-06-16 12:11:36.768966+00,2025-06-16 12:11:36.768966+00,tinaong@gmail.com,
2,$2b$10$PDE6Ho4/aDGqg1PeTandI.NBCr47qgiUb7qI8HPsyn26tt8m1REfa,2025-06-16 12:11:36.768966+00,2025-06-16 12:11:36.768966+00,amandasim@gmail.com,
3,$2b$10$PDE6Ho4/aDGqg1PeTandI.NBCr47qgiUb7qI8HPsyn26tt8m1REfa,2025-06-16 12:11:36.768966+00,2025-06-16 12:11:36.768966+00,avalim@gmail.com,
4,$2b$10$PDE6Ho4/aDGqg1PeTandI.NBCr47qgiUb7qI8HPsyn26tt8m1REfa,2025-06-16 12:11:36.768966+00,2025-06-16 12:11:36.768966+00,marcustan@gmail.com,
5,$2b$10$PDE6Ho4/aDGqg1PeTandI.NBCr47qgiUb7qI8HPsyn26tt8m1REfa,2025-06-16 12:11:36.768966+00,2025-06-16 12:11:36.768966+00,chloewong@gmail.com,
6,$2b$10$PDE6Ho4/aDGqg1PeTandI.NBCr47qgiUb7qI8HPsyn26tt8m1REfa,2025-06-16 12:11:36.768966+00,2025-06-16 12:11:36.768966+00,darrenng@gmail.com,
7,$2b$10$PDE6Ho4/aDGqg1PeTandI.NBCr47qgiUb7qI8HPsyn26tt8m1REfa,2025-06-16 12:11:36.768966+00,2025-06-16 12:11:36.768966+00,isabellechua@gmail.com,
8,$2b$10$PDE6Ho4/aDGqg1PeTandI.NBCr47qgiUb7qI8HPsyn26tt8m1REfa,2025-06-16 12:11:36.768966+00,2025-06-16 12:11:36.768966+00,ethankoh@gmail.com,
9,$2b$10$PDE6Ho4/aDGqg1PeTandI.NBCr47qgiUb7qI8HPsyn26tt8m1REfa,2025-06-16 12:11:36.768966+00,2025-06-16 12:11:36.768966+00,natalieyeo@gmail.com,
10,$2b$10$PDE6Ho4/aDGqg1PeTandI.NBCr47qgiUb7qI8HPsyn26tt8m1REfa,2025-06-16 12:11:36.768966+00,2025-06-16 12:11:36.768966+00,ryanlee@gmail.com,
11,$2b$10$PDE6Ho4/aDGqg1PeTandI.NBCr47qgiUb7qI8HPsyn26tt8m1REfa,2025-06-16 12:11:36.768966+00,2025-06-16 12:11:36.768966+00,jasminelow@gmail.com,
12,$2b$10$PDE6Ho4/aDGqg1PeTandI.NBCr47qgiUb7qI8HPsyn26tt8m1REfa,2025-06-16 12:11:36.768966+00,2025-06-16 12:11:36.768966+00,danielgoh@gmail.com,
13,$2b$10$PDE6Ho4/aDGqg1PeTandI.NBCr47qgiUb7qI8HPsyn26tt8m1REfa,2025-06-16 12:11:36.768966+00,2025-06-16 12:11:36.768966+00,jasongoh@gmail.com,
14,$2b$10$PDE6Ho4/aDGqg1PeTandI.NBCr47qgiUb7qI8HPsyn26tt8m1REfa,2025-06-16 12:11:36.768966+00,2025-06-16 12:11:36.768966+00,tina@gmail.com,
15,$2b$10$PDE6Ho4/aDGqg1PeTandI.NBCr47qgiUb7qI8HPsyn26tt8m1REfa,2025-06-16 12:11:36.768966+00,2025-06-16 12:11:36.768966+00,amy@gmail.com,
16,$2b$10$PDE6Ho4/aDGqg1PeTandI.NBCr47qgiUb7qI8HPsyn26tt8m1REfa,2025-06-16 12:11:36.768966+00,2025-06-16 12:11:36.768966+00,jeff@gmail.com,